name,img_url
운전자 보조 패키지,https://www.configurator.maserati.com/cc/adm/repo/8578300/PACK/Q90T/info1400x875.jpg
HARMAN KARDON 프리미엄 사운드 시스템,https://www.configurator.maserati.com/cc/adm/repo/8578300/BOE/Q4YG/info1400x875.jpg
BOWERS & WILKINS 프리미엄 서라운드 시스템,https://www.configurator.maserati.com/cc/adm/repo/8578300/BOE/Q4JF/info1400x875.jpg
ALCANTARA 루프라이닝 및 필러,https://www.configurator.maserati.com/cc/adm/repo/8578300/BOE/Q5KW/info1400x875.jpg
투톤 가죽 인테리어,https://www.configurator.maserati.com/cc/adm/repo/8578300/BOE/Q212/info1400x875.jpg
최고급 가죽 인테리어,https://www.configurator.maserati.com/cc/adm/repo/8578300/BOE/Q728/info1400x875.jpg
천공된 최고급 가죽 인테리어,https://www.configurator.maserati.com/cc/adm/repo/8578300/BOE/Q727/info1400x875.jpg
충전 유지 장치,https://www.configurator.maserati.com/cc/adm/repo/8578300/ACC_CP/a077/info1400x875.jpg
실내 자동차 커버,https://www.configurator.maserati.com/cc/adm/repo/8578300/ACC_CP/a088/info1400x875.jpg
실외 자동차 커버,https://www.configurator.maserati.com/cc/adm/repo/8578300/ACC_CP/a089/info1400x875.jpg
후면 우측 측면 필름,https://www.configurator.maserati.com/cc/adm/repo/8578300/ACC_CP/a215/info1400x875.jpg
후면 좌측 측면 필름,https://www.configurator.maserati.com/cc/adm/repo/8578300/ACC_CP/a216/info1400x875.jpg
실내 바닥 보호 필름,https://www.configurator.maserati.com/cc/adm/repo/8578300/ACC_CP/a692/info1400x875.jpg
브랜드 바닥 매트 - RHD,https://www.configurator.maserati.com/cc/adm/repo/8578300/ACC_CP/a697/info1400x875.jpg
브랜드 바닥 매트 - RHD,https://www.configurator.maserati.com/cc/adm/repo/8578300/ACC_CP/a698/info1400x875.jpg
브랜드 바닥 매트 - LHD,https://www.configurator.maserati.com/cc/adm/repo/8578300/ACC_CP/a699/info1400x875.jpg
브랜드 바닥 매트 - LHD,https://www.configurator.maserati.com/cc/adm/repo/8578300/ACC_CP/a700/info1400x875.jpg
브랜드 바닥 매트 - LHD,https://www.configurator.maserati.com/cc/adm/repo/8578300/ACC_CP/a701/info1400x875.jpg
선셰이드,https://www.configurator.maserati.com/cc/adm/repo/8578300/ACC_CP/a903/info1400x875.jpg
보조 시동 케이블,https://www.configurator.maserati.com/cc/adm/repo/8578300/ACC_SA/a081/info1400x875.jpg
비상표시 삼각대,https://www.configurator.maserati.com/cc/adm/repo/8578300/ACC_SA/a943/info1400x875.jpg
우산,https://www.configurator.maserati.com/cc/adm/repo/8578300/ACC_TF/a485/info1400x875.jpg
COURTESY LIGHT KIT WITH LOGO,https://www.configurator.maserati.com/cc/adm/repo/8578300/ACC_TF/aa38/info1400x875.jpg
트렁크 라이너,https://www.configurator.maserati.com/cc/adm/repo/8578300/ACC_TL/a136/info1400x875.jpg
트렁크 고정 네트,https://www.configurator.maserati.com/cc/adm/repo/8578300/ACC_TL/a221/info1400x875.jpg
스키 및 스노우보드 백,https://www.configurator.maserati.com/cc/adm/repo/8578300/ACC_TL/a225/info1400x875.jpg
양면 러기지 컴파트먼트 매트,https://www.configurator.maserati.com/cc/adm/repo/8578300/ACC_TL/a513/info1400x875.jpg
트렁크 접이식 상자,https://www.configurator.maserati.com/cc/adm/repo/8578300/ACC_TL/a602/info1400x875.jpg
적재 모서리 보호 매트,https://www.configurator.maserati.com/cc/adm/repo/8578300/ACC_TL/a890/info1400x875.jpg
밸브캡 키트,https://www.configurator.maserati.com/cc/adm/repo/8578300/ACC_TW/a006/info1400x875.jpg
안전 스터드 볼트 키트,https://www.configurator.maserati.com/cc/adm/repo/8578300/ACC_TW/a222/info1400x875.jpg
휠 중앙 캡 - 무광 BLACK,https://www.configurator.maserati.com/cc/adm/repo/8578300/ACC_TW/a975/info1400x875.jpg
휠 중앙 캡 - 유광 BLACK,https://www.configurator.maserati.com/cc/adm/repo/8578300/ACC_TW/a976/info1400x875.jpg
안전 스터드 볼트 키트 - BLACK,https://www.configurator.maserati.com/cc/adm/repo/8578300/ACC_TW/aa27/info1400x875.jpg
